[{
  "_id": {
    "$oid": "682e220d92075ea7c154655b"
  },
  "name": "Emily",
  "surname": "Johnson",
  "gender": "Female",
  "department": "Engineering",
  "salary": 56000
},
{
  "_id": {
    "$oid": "682e220d92075ea7c154655c"
  },
  "name": "Jacques",
  "surname": "Dupont",
  "gender": "Male",
  "department": "Finance",
  "salary": 62000
},
{
  "_id": {
    "$oid": "682e220d92075ea7c154655d"
  },
  "name": "Claire",
  "surname": "Moreau",
  "gender": "Female",
  "department": "Marketing",
  "salary": 47000
},
{
  "_id": {
    "$oid": "682e220d92075ea7c154655e"
  },
  "name": "William",
  "surname": "Smith",
  "gender": "Male",
  "department": "Human Resources",
  "salary": 51000
},
{
  "_id": {
    "$oid": "682e220d92075ea7c154655f"
  },
  "name": "Sophie",
  "surname": "Lemoine",
  "gender": "Female",
  "department": "Engineering",
  "salary": 58000
}]